0,6.5e-06,0
0,6.5e-06,0.0001
0,6.5e-06,0.00021
0.0411,6.5e-06,0.00027
0.131,6.5e-06,0.00028
0.2234,6.5e-06,0.00029
0.3216,6.5e-06,0.0003
0.417,6.5e-06,0.00031
0.505,6.5e-06,0.00032
0.5964,6.5e-06,0.00034
0.6972,6.5e-06,0.00034
0.7938,6.5e-06,0.00035
0.895,6.5e-06,0.00035
0.9937,6.5e-06,0.00035
1.0954,6.5e-06,0.00035
1.1903,6.5e-06,0.00036
1.2949,6.5e-06,0.00036
1.4888,6.5e-06,0.00037
1.5847,6.5e-06,0.00038
1.6867,6.5e-06,0.00038
1.7789,6.5e-06,0.0004
1.8732,6.5e-06,0.0004
1.9697,6.5e-06,0.00041
2.057,6.5e-06,0.00043
2.1583,6.5e-06,0.00043
2.2571,6.5e-06,0.00043
2.3555,6.5e-06,0.00044
2.461,6.5e-06,0.00044
2.5712,6.5e-06,0.00043
2.6844,6.5e-06,0.00042
0,7.1e-06,0
0,7.1e-06,0.0001
0,7.1e-06,0.00021
0.0181,7.1e-06,0.00029
0.0984,7.1e-06,0.00032
0.1907,7.1e-06,0.00033
0.286,7.1e-06,0.00034
0.379,7.1e-06,0.00035
0.4742,7.1e-06,0.00035
0.5693,7.1e-06,0.00036
0.6649,7.1e-06,0.00037
0.7606000000000001,7.1e-06,0.00038
0.8649,7.1e-06,0.00038
0.9593,7.1e-06,0.00039
1.0596,7.1e-06,0.00039
1.1528,7.1e-06,0.0004
1.2554,7.1e-06,0.0004
1.3526,7.1e-06,0.00041
1.4531,7.1e-06,0.00041
1.5462,7.1e-06,0.00042
1.6476,7.1e-06,0.00042
1.7437,7.1e-06,0.00043
1.8406,7.1e-06,0.00044
1.9366,7.1e-06,0.00044
2.025,7.1e-06,0.00046
2.1242,7.1e-06,0.00046
2.222,7.1e-06,0.00047
2.3205,7.1e-06,0.00047
2.4249,7.1e-06,0.00047
2.5338,7.1e-06,0.00047
2.6465,7.1e-06,0.00046
0,7.8e-06,0
0,7.8e-06,0.0001
0,7.8e-06,0.00021
0.0033,7.8e-06,0.00031
0.0672,7.8e-06,0.00035
0.1598,7.8e-06,0.00036
0.2564,7.8e-06,0.00036
0.3486,7.8e-06,0.00038
0.4398,7.8e-06,0.00039
0.5299,7.8e-06,0.0004
0.6304999999999999,7.8e-06,0.0004
0.725,7.8e-06,0.00041
0.8264,7.8e-06,0.00042
0.9249000000000001,7.8e-06,0.00042
1.0232,7.8e-06,0.00043
1.1193,7.8e-06,0.00043
1.2201,7.8e-06,0.00044
1.3197,7.8e-06,0.00044
1.4204,7.8e-06,0.00044
1.5119,7.8e-06,0.00046
1.6106,7.8e-06,0.00046
1.7088,7.8e-06,0.00047
1.8057,7.8e-06,0.00047
1.8994,7.8e-06,0.00048
1.9898,7.8e-06,0.00049
2.089,7.8e-06,0.0005
2.1844,7.8e-06,0.00051
2.2787,7.8e-06,0.00052
2.3835,7.8e-06,0.00052
2.4912,7.8e-06,0.00051
2.6039,7.8e-06,0.0005
0,8.399999999999999e-06,0
0,8.399999999999999e-06,0.0001
0,8.399999999999999e-06,0.00021
0,8.399999999999999e-06,0.00031
0.0396,8.399999999999999e-06,0.00037
0.1221,8.399999999999999e-06,0.0004
0.2189,8.399999999999999e-06,0.0004
0.3116,8.399999999999999e-06,0.00041
0.3997,8.399999999999999e-06,0.00043
0.4993,8.399999999999999e-06,0.00043
0.5943000000000001,8.399999999999999e-06,0.00044
0.6875,8.399999999999999e-06,0.00045
0.7877,8.399999999999999e-06,0.00045
0.8877,8.399999999999999e-06,0.00046
0.9844000000000001,8.399999999999999e-06,0.00047
1.0824,8.399999999999999e-06,0.00047
1.1843,8.399999999999999e-06,0.00047
1.283,8.399999999999999e-06,0.00048
1.3801,8.399999999999999e-06,0.00048
1.4784,8.399999999999999e-06,0.00049
1.5746,8.399999999999999e-06,0.0005
1.6705,8.399999999999999e-06,0.0005
1.7656,8.399999999999999e-06,0.00051
1.8614,8.399999999999999e-06,0.00052
1.951,8.399999999999999e-06,0.00053
2.0446,8.399999999999999e-06,0.00054
2.1488,8.399999999999999e-06,0.00054
2.244,8.399999999999999e-06,0.00055
2.344,8.399999999999999e-06,0.00055
2.4419,8.399999999999999e-06,0.00056
2.558,8.399999999999999e-06,0.00055
0,9.099999999999999e-06,0
0,9.099999999999999e-06,0.0001
0,9.099999999999999e-06,0.00021
0,9.099999999999999e-06,0.00031
0.018,9.099999999999999e-06,0.0004
0.0878,9.099999999999999e-06,0.00043
0.1809,9.099999999999999e-06,0.00044
0.2732,9.099999999999999e-06,0.00045
0.3632,9.099999999999999e-06,0.00047
0.46,9.099999999999999e-06,0.00047
0.5551,9.099999999999999e-06,0.00048
0.6515,9.099999999999999e-06,0.00049
0.7504,9.099999999999999e-06,0.00049
0.8481,9.099999999999999e-06,0.0005
0.9457,9.099999999999999e-06,0.0005
1.0447,9.099999999999999e-06,0.00051
1.1462,9.099999999999999e-06,0.00051
1.2369,9.099999999999999e-06,0.00052
1.342,9.099999999999999e-06,0.00052
1.4398,9.099999999999999e-06,0.00053
1.5378,9.099999999999999e-06,0.00053
1.6332,9.099999999999999e-06,0.00054
1.734,9.099999999999999e-06,0.00054
1.8273,9.099999999999999e-06,0.00055
1.9169,9.099999999999999e-06,0.00057
2.0095,9.099999999999999e-06,0.00058
2.11,9.099999999999999e-06,0.00058
2.2052,9.099999999999999e-06,0.00059
2.3084,9.099999999999999e-06,0.00059
2.4108,9.099999999999999e-06,0.00059
2.516,9.099999999999999e-06,0.00059
0,9.7e-06,0
0,9.7e-06,0.0001
0,9.7e-06,0.00021
0,9.7e-06,0.00031
0.0056,9.7e-06,0.00041
0.0585,9.7e-06,0.00046
0.1457,9.7e-06,0.00048
0.2404,9.7e-06,0.00048
0.3253,9.7e-06,0.0005
0.4245,9.7e-06,0.00051
0.522,9.7e-06,0.00051
0.6149,9.7e-06,0.00052
0.7122000000000001,9.7e-06,0.00053
0.8088,9.7e-06,0.00054
0.9117,9.7e-06,0.00054
1.0079,9.7e-06,0.00055
1.1103,9.7e-06,0.00055
1.2038,9.7e-06,0.00056
1.3041,9.7e-06,0.00056
1.4037,9.7e-06,0.00056
1.5017,9.7e-06,0.00057
1.5962,9.7e-06,0.00058
1.699,9.7e-06,0.00058
1.7922,9.7e-06,0.00059
1.8801,9.7e-06,0.0005999999999999999
1.9734,9.7e-06,0.00061
2.0651,9.7e-06,0.00063
2.1706,9.7e-06,0.00062
2.2707,9.7e-06,0.00063
2.3694,9.7e-06,0.00063
2.4742,9.7e-06,0.00063
0,1.04e-05,0
0,1.04e-05,0.0001
0,1.04e-05,0.00021
0,1.04e-05,0.00031
0,1.04e-05,0.00041
0.0349,1.04e-05,0.00048
0.1133,1.04e-05,0.00051
0.2037,1.04e-05,0.00052
0.2933,1.04e-05,0.00053
0.3818,1.04e-05,0.00055
0.485,1.04e-05,0.00055
0.5812,1.04e-05,0.00056
0.6825,1.04e-05,0.00056
0.7749,1.04e-05,0.00057
0.8789,1.04e-05,0.00057
0.9729,1.04e-05,0.00058
1.0743,1.04e-05,0.00058
1.1718,1.04e-05,0.00059
1.2758,1.04e-05,0.00059
1.3692,1.04e-05,0.0005999999999999999
1.4641,1.04e-05,0.00061
1.5612,1.04e-05,0.00061
1.6619,1.04e-05,0.00062
1.7564,1.04e-05,0.00062
1.8434,1.04e-05,0.0006400000000000001
1.9392,1.04e-05,0.00065
2.0356,1.04e-05,0.00066
2.1356,1.04e-05,0.00066
2.2334,1.04e-05,0.00067
2.3295,1.04e-05,0.00067
2.4351,1.04e-05,0.00067
0,1.1e-05,0
0,1.1e-05,0.0001
0,1.1e-05,0.00021
0,1.1e-05,0.00031
0,1.1e-05,0.00041
0.0187,1.1e-05,0.0005
0.0813,1.1e-05,0.00054
0.1703,1.1e-05,0.00055
0.2589,1.1e-05,0.00057
0.3501,1.1e-05,0.00058
0.4517,1.1e-05,0.00058
0.5448,1.1e-05,0.00059
0.6435999999999999,1.1e-05,0.0005999999999999999
0.7362,1.1e-05,0.00061
0.8399,1.1e-05,0.00061
0.9376,1.1e-05,0.00062
1.0387,1.1e-05,0.00062
1.1327,1.1e-05,0.00063
1.2309,1.1e-05,0.00063
1.3282,1.1e-05,0.0006400000000000001
1.4277,1.1e-05,0.0006400000000000001
1.5225,1.1e-05,0.00065
1.6197,1.1e-05,0.00066
1.7173,1.1e-05,0.00066
1.8062,1.1e-05,0.00068
1.9005,1.1e-05,0.00069
1.9979,1.1e-05,0.00069
2.0979,1.1e-05,0.0007
2.1949,1.1e-05,0.0007
2.2939,1.1e-05,0.00071
2.3974,1.1e-05,0.00071
0,1.16e-05,0
0,1.16e-05,0.0001
0,1.16e-05,0.00021
0,1.16e-05,0.00031
0,1.16e-05,0.00041
0.0071,1.16e-05,0.00051
0.053,1.16e-05,0.00057
0.135,1.16e-05,0.00059
0.2211,1.16e-05,0.00061
0.315,1.16e-05,0.00062
0.413,1.16e-05,0.00062
0.5063,1.16e-05,0.00063
0.605,1.16e-05,0.0006400000000000001
0.6975,1.16e-05,0.00065
0.7984,1.16e-05,0.00065
0.8973,1.16e-05,0.00066
1,1.16e-05,0.00066
1.0957,1.16e-05,0.00066
1.191,1.16e-05,0.00067
1.2923,1.16e-05,0.00067
1.3912,1.16e-05,0.00068
1.4853,1.16e-05,0.00069
1.5848,1.16e-05,0.00069
1.6855,1.16e-05,0.0007
1.7683,1.16e-05,0.00072
1.8648,1.16e-05,0.00072
1.9614,1.16e-05,0.00073
2.0528,1.16e-05,0.00074
2.158,1.16e-05,0.00074
2.2568,1.16e-05,0.00075
2.3579,1.16e-05,0.00075
0,1.23e-05,0
0,1.23e-05,0.0001
0,1.23e-05,0.00021
0,1.23e-05,0.00031
0,1.23e-05,0.00041
0.0004,1.23e-05,0.00052
0.0342,1.23e-05,0.00059
0.1013,1.23e-05,0.00062
0.1875,1.23e-05,0.0006400000000000001
0.2805,1.23e-05,0.00065
0.3752,1.23e-05,0.00066
0.4765,1.23e-05,0.00066
0.5696,1.23e-05,0.00067
0.6647999999999999,1.23e-05,0.00068
0.7627,1.23e-05,0.00069
0.8658,1.23e-05,0.00069
0.9675,1.23e-05,0.00069
1.064,1.23e-05,0.0007
1.1632,1.23e-05,0.0007
1.2581,1.23e-05,0.00071
1.355,1.23e-05,0.00072
1.4484,1.23e-05,0.00073
1.5493,1.23e-05,0.00073
1.6451,1.23e-05,0.00074
1.739,1.23e-05,0.00075
1.8299,1.23e-05,0.00076
1.9307,1.23e-05,0.00076
2.0243,1.23e-05,0.00077
2.1267,1.23e-05,0.00077
2.2245,1.23e-05,0.00078
2.3245,1.23e-05,0.00078
0,1.29e-05,0
0,1.29e-05,0.0001
0,1.29e-05,0.00021
0,1.29e-05,0.00031
0,1.29e-05,0.00041
0,1.29e-05,0.00052
0.0186,1.29e-05,0.0005999999999999999
0.0746,1.29e-05,0.00065
0.1577,1.29e-05,0.00067
0.2485,1.29e-05,0.00068
0.3459,1.29e-05,0.00069
0.4467,1.29e-05,0.00069
0.5393,1.29e-05,0.0007
0.733,1.29e-05,0.00072
0.8327,1.29e-05,0.00072
0.9375,1.29e-05,0.00072
1.0323,1.29e-05,0.00073
1.1303,1.29e-05,0.00073
1.2263,1.29e-05,0.00074
1.3289,1.29e-05,0.00074
1.4245,1.29e-05,0.00075
1.5212,1.29e-05,0.00076
1.6142,1.29e-05,0.00077
1.7077,1.29e-05,0.00078
1.8035,1.29e-05,0.00078
1.8997,1.29e-05,0.00079
1.9955,1.29e-05,0.0008
2.0964,1.29e-05,0.0008
2.187,1.29e-05,0.00082
2.289,1.29e-05,0.00082
