0,3.3e-06,0
0,3.3e-06,4e-05
0,3.2e-06,0
0,3.2e-06,4e-05
0,3.2e-06,8.000000000000001e-05
0,3.2e-06,0.00012
0,3.2e-06,0.00016
0,3.2e-06,0.00019
0,3.2e-06,0.00023
0,3.2e-06,0.00027
0,3.2e-06,0.00031
0,3.2e-06,0.00035
0.0002,3.2e-06,0.00039
0.004,3.2e-06,0.00042
0.0174,3.2e-06,0.00045
0.0376,3.2e-06,0.00047
0.0608,3.2e-06,0.00048
0.09130000000000001,3.2e-06,0.00049
0.1265,3.2e-06,0.00049
0.1628,3.2e-06,0.0005
0.1966,3.2e-06,0.0005
0.2313,3.2e-06,0.00051
0.268,3.2e-06,0.00051
0.3018,3.2e-06,0.00051
0.3321,3.2e-06,0.00052
0.3683,3.2e-06,0.00052
0.4006,3.2e-06,0.00053
0.4417,3.2e-06,0.00053
0.4766,3.2e-06,0.00053
0.5133,3.2e-06,0.00053
0.549,3.2e-06,0.00054
0.5833,3.2e-06,0.00054
0.619,3.2e-06,0.00055
0.6556999999999999,3.2e-06,0.00055
0.6929,3.2e-06,0.00055
0.7307,3.2e-06,0.00055
0.7662,3.2e-06,0.00055
0.8005,3.2e-06,0.00056
0.8411999999999999,3.2e-06,0.00056
0.8773,3.2e-06,0.00056
0.9156,3.2e-06,0.00056
0.9516,3.2e-06,0.00056
0.9877,3.2e-06,0.00057
1.0238,3.2e-06,0.00057
1.0598,3.2e-06,0.00057
1.1003,3.2e-06,0.00057
1.1368,3.2e-06,0.00057
1.1748,3.2e-06,0.00057
1.209,3.2e-06,0.00058
1.241,3.2e-06,0.00058
1.2882,3.2e-06,0.00058
1.3247,3.2e-06,0.00058
1.3598,3.2e-06,0.00058
1.394,3.2e-06,0.00059
1.4317,3.2e-06,0.00059
1.4674,3.2e-06,0.00059
1.5058,3.2e-06,0.00059
1.5414,3.2e-06,0.00059
1.5758,3.2e-06,0.0005999999999999999
1.6118,3.2e-06,0.0005999999999999999
1.6495,3.2e-06,0.0005999999999999999
1.6895,3.2e-06,0.0005999999999999999
1.7251,3.2e-06,0.0005999999999999999
1.7627,3.2e-06,0.00061
1.7961,3.2e-06,0.00061
1.8318,3.2e-06,0.00061
1.86,3.2e-06,0.00062
1.896,3.2e-06,0.00063
1.9321,3.2e-06,0.00063
1.9677,3.2e-06,0.00063
2.0021,3.2e-06,0.0006400000000000001
2.0388,3.2e-06,0.0006400000000000001
2.0767,3.2e-06,0.0006400000000000001
2.1169,3.2e-06,0.0006400000000000001
2.1524,3.2e-06,0.0006400000000000001
2.1883,3.2e-06,0.00065
2.2253,3.2e-06,0.00065
2.2647,3.2e-06,0.00065
2.3029,3.2e-06,0.00065
2.3405,3.2e-06,0.00065
2.3777,3.2e-06,0.00065
2.4151,3.2e-06,0.00065
2.4569,3.2e-06,0.00065
2.4985,3.2e-06,0.00065
0,3.8e-06,0
0,3.8e-06,4e-05
0,3.8e-06,8.000000000000001e-05
0,3.8e-06,0.00012
0,3.8e-06,0.00016
0,3.8e-06,0.00019
0,3.8e-06,0.00023
0,3.8e-06,0.00027
0,3.8e-06,0.00031
0,3.8e-06,0.00035
0,3.8e-06,0.00039
0.0002,3.8e-06,0.00043
0.0076,3.8e-06,0.00046
0.021,3.8e-06,0.00048
0.0405,3.8e-06,0.0005
0.064,3.8e-06,0.00052
0.0965,3.8e-06,0.00052
0.1315,3.8e-06,0.00053
0.1674,3.8e-06,0.00053
0.2009,3.8e-06,0.00054
0.237,3.8e-06,0.00054
0.2713,3.8e-06,0.00054
0.3003,3.8e-06,0.00055
0.3359,3.8e-06,0.00056
0.3704,3.8e-06,0.00056
0.4053,3.8e-06,0.00057
0.4468,3.8e-06,0.00056
0.4805,3.8e-06,0.00057
0.5177,3.8e-06,0.00057
0.5541,3.8e-06,0.00057
0.5876,3.8e-06,0.00058
0.6241,3.8e-06,0.00058
0.6611,3.8e-06,0.00058
0.6984,3.8e-06,0.00058
0.735,3.8e-06,0.00058
0.7696,3.8e-06,0.00059
0.8073,3.8e-06,0.00059
0.8461,3.8e-06,0.00059
0.8846000000000001,3.8e-06,0.00059
0.9196,3.8e-06,0.00059
0.9549,3.8e-06,0.0005999999999999999
0.993,3.8e-06,0.0005999999999999999
1.029,3.8e-06,0.0005999999999999999
1.0702,3.8e-06,0.0005999999999999999
1.1063,3.8e-06,0.0005999999999999999
1.1433,3.8e-06,0.0005999999999999999
1.1787,3.8e-06,0.00061
1.2151,3.8e-06,0.00061
1.254,3.8e-06,0.00061
1.2923,3.8e-06,0.00061
1.3293,3.8e-06,0.00061
1.3628,3.8e-06,0.00062
1.4015,3.8e-06,0.00062
1.4366,3.8e-06,0.00062
1.4755,3.8e-06,0.00062
1.5094,3.8e-06,0.00063
1.5457,3.8e-06,0.00063
1.5816,3.8e-06,0.00063
1.6169,3.8e-06,0.00063
1.659,3.8e-06,0.00063
1.6938,3.8e-06,0.0006400000000000001
1.7312,3.8e-06,0.0006400000000000001
1.7649,3.8e-06,0.0006400000000000001
1.8006,3.8e-06,0.00065
1.8299,3.8e-06,0.00065
1.8668,3.8e-06,0.00066
1.9008,3.8e-06,0.00066
1.936,3.8e-06,0.00067
1.972,3.8e-06,0.00067
2.0079,3.8e-06,0.00067
2.0465,3.8e-06,0.00067
2.0852,3.8e-06,0.00067
2.12,3.8e-06,0.00068
2.1568,3.8e-06,0.00068
2.1944,3.8e-06,0.00068
2.2322,3.8e-06,0.00068
2.2704,3.8e-06,0.00068
2.3082,3.8e-06,0.00068
2.3437,3.8e-06,0.00068
2.3835,3.8e-06,0.00068
2.4223,3.8e-06,0.00068
2.4612,3.8e-06,0.00068
0,4.4e-06,0
0,4.4e-06,4e-05
0,4.4e-06,8.000000000000001e-05
0,4.4e-06,0.00012
0,4.4e-06,0.00016
0,4.4e-06,0.00019
0,4.4e-06,0.00023
0,4.4e-06,0.00027
0,4.4e-06,0.00031
0,4.4e-06,0.00035
0,4.4e-06,0.00039
0,4.4e-06,0.00043
0.0007,4.4e-06,0.00047
0.0113,4.4e-06,0.00049
0.0248,4.4e-06,0.00052
0.0438,4.4e-06,0.00054
0.0692,4.4e-06,0.00055
0.1024,4.4e-06,0.00056
0.1387,4.4e-06,0.00056
0.1703,4.4e-06,0.00057
0.207,4.4e-06,0.00057
0.2439,4.4e-06,0.00057
0.2709,4.4e-06,0.00058
0.3064,4.4e-06,0.00059
0.3414,4.4e-06,0.00059
0.3747,4.4e-06,0.0005999999999999999
0.4116,4.4e-06,0.0005999999999999999
0.4528,4.4e-06,0.0005999999999999999
0.4869,4.4e-06,0.0005999999999999999
0.5241,4.4e-06,0.0005999999999999999
0.5575,4.4e-06,0.00061
0.592,4.4e-06,0.00061
0.6314,4.4e-06,0.00061
0.6676,4.4e-06,0.00061
0.7043,4.4e-06,0.00062
0.7388,4.4e-06,0.00062
0.7743,4.4e-06,0.00062
0.8121,4.4e-06,0.00062
0.853,4.4e-06,0.00062
0.8899,4.4e-06,0.00062
0.9247,4.4e-06,0.00063
0.9624,4.4e-06,0.00063
0.9961,4.4e-06,0.00063
1.0395,4.4e-06,0.00063
1.0754,4.4e-06,0.00063
1.1128,4.4e-06,0.00063
1.147,4.4e-06,0.0006400000000000001
1.1833,4.4e-06,0.0006400000000000001
1.2223,4.4e-06,0.0006400000000000001
1.2622,4.4e-06,0.0006400000000000001
1.299,4.4e-06,0.0006400000000000001
1.3313,4.4e-06,0.00065
1.3688,4.4e-06,0.00065
1.4058,4.4e-06,0.00065
1.4436,4.4e-06,0.00065
1.4813,4.4e-06,0.00065
1.514,4.4e-06,0.00066
1.5513,4.4e-06,0.00066
1.587,4.4e-06,0.00066
1.6239,4.4e-06,0.00067
1.6642,4.4e-06,0.00067
1.7007,4.4e-06,0.00067
1.7353,4.4e-06,0.00067
1.7695,4.4e-06,0.00068
1.7984,4.4e-06,0.00069
1.835,4.4e-06,0.00069
1.87,4.4e-06,0.00069
1.9039,4.4e-06,0.0007
1.9418,4.4e-06,0.0007
1.9764,4.4e-06,0.0007
2.0156,4.4e-06,0.0007
2.0505,4.4e-06,0.00071
2.0906,4.4e-06,0.0007
2.1263,4.4e-06,0.00071
2.1626,4.4e-06,0.00071
2.202,4.4e-06,0.00071
2.2379,4.4e-06,0.00071
2.2762,4.4e-06,0.00071
2.3113,4.4e-06,0.00072
2.3486,4.4e-06,0.00072
2.3874,4.4e-06,0.00072
2.4269,4.4e-06,0.00072
0,5e-06,0
0,5e-06,4e-05
0,5e-06,8.000000000000001e-05
0,5e-06,0.00012
0,5e-06,0.00016
0,5e-06,0.00019
0,5e-06,0.00023
0,5e-06,0.00027
0,5e-06,0.00031
0,5e-06,0.00035
0,5e-06,0.00039
0,5e-06,0.00043
0,5e-06,0.00047
0.0019,5e-06,0.0005
0.0126,5e-06,0.00053
0.0274,5e-06,0.00055
0.0483,5e-06,0.00057
0.07480000000000001,5e-06,0.00059
0.1073,5e-06,0.00059
0.1403,5e-06,0.0005999999999999999
0.1748,5e-06,0.0005999999999999999
0.2108,5e-06,0.0005999999999999999
0.24,5e-06,0.00061
0.2749,5e-06,0.00062
0.3084,5e-06,0.00062
0.3462,5e-06,0.00062
0.3795,5e-06,0.00063
0.4204,5e-06,0.00063
0.4571,5e-06,0.00063
0.4929,5e-06,0.00063
0.5266,5e-06,0.0006400000000000001
0.5615,5e-06,0.0006400000000000001
0.6005,5e-06,0.0006400000000000001
0.6349,5e-06,0.00065
0.6724,5e-06,0.00065
0.7078,5e-06,0.00065
0.7433,5e-06,0.00065
0.7796,5e-06,0.00066
0.8179999999999999,5e-06,0.00066
0.8587,5e-06,0.00066
0.8912,5e-06,0.00066
0.9297,5e-06,0.00066
0.966,5e-06,0.00066
1.0066,5e-06,0.00066
1.0434,5e-06,0.00066
1.0789,5e-06,0.00067
1.1141,5e-06,0.00067
1.1495,5e-06,0.00068
1.189,5e-06,0.00067
1.2249,5e-06,0.00068
1.2665,5e-06,0.00067
1.3003,5e-06,0.00068
1.337,5e-06,0.00068
1.3738,5e-06,0.00068
1.4111,5e-06,0.00069
1.4476,5e-06,0.00069
1.4824,5e-06,0.00069
1.5185,5e-06,0.00069
1.5544,5e-06,0.0007
1.5916,5e-06,0.0007
1.6279,5e-06,0.0007
1.668,5e-06,0.0007
1.7026,5e-06,0.0007
1.739,5e-06,0.00071
1.7678,5e-06,0.00072
1.8032,5e-06,0.00072
1.8402,5e-06,0.00072
1.8723,5e-06,0.00073
1.9085,5e-06,0.00073
1.9461,5e-06,0.00073
1.9815,5e-06,0.00074
2.0188,5e-06,0.00074
2.0516,5e-06,0.00074
2.093,5e-06,0.00074
2.128,5e-06,0.00074
2.1666,5e-06,0.00075
2.2047,5e-06,0.00075
2.2418,5e-06,0.00075
2.2785,5e-06,0.00075
2.3149,5e-06,0.00075
2.3552,5e-06,0.00075
2.3917,5e-06,0.00075
0,5.6e-06,0
0,5.6e-06,4e-05
0,5.6e-06,8.000000000000001e-05
0,5.6e-06,0.00012
0,5.6e-06,0.00016
0,5.6e-06,0.00019
0,5.6e-06,0.00023
0,5.6e-06,0.00027
0,5.6e-06,0.00031
0,5.6e-06,0.00035
0,5.6e-06,0.00039
0,5.6e-06,0.00043
0,5.6e-06,0.00047
0,5.6e-06,0.0005
0.0043,5.6e-06,0.00054
0.0156,5.6e-06,0.00057
0.0313,5.6e-06,0.00059
0.0526,5.6e-06,0.00061
0.07969999999999999,5.6e-06,0.00062
0.1101,5.6e-06,0.00063
0.1441,5.6e-06,0.00063
0.1806,5.6e-06,0.00063
0.2091,5.6e-06,0.0006400000000000001
0.2453,5.6e-06,0.00065
0.2798,5.6e-06,0.00065
0.3157,5.6e-06,0.00065
0.3499,5.6e-06,0.00066
0.3871,5.6e-06,0.00066
0.4258,5.6e-06,0.00066
0.4623,5.6e-06,0.00066
0.4957,5.6e-06,0.00067
0.5313,5.6e-06,0.00067
0.5689,5.6e-06,0.00067
0.6054,5.6e-06,0.00068
0.6405,5.6e-06,0.00068
0.6758999999999999,5.6e-06,0.00068
0.7117,5.6e-06,0.00069
0.7483,5.6e-06,0.00069
0.7865,5.6e-06,0.00069
0.8219,5.6e-06,0.00069
0.8626,5.6e-06,0.00069
0.8969,5.6e-06,0.00069
0.9340000000000001,5.6e-06,0.0007
0.9752999999999999,5.6e-06,0.00069
1.0115,5.6e-06,0.0007
1.0479,5.6e-06,0.0007
1.0834,5.6e-06,0.0007
1.1206,5.6e-06,0.0007
1.1596,5.6e-06,0.0007
1.1946,5.6e-06,0.00071
1.23,5.6e-06,0.00071
1.2708,5.6e-06,0.00071
1.3052,5.6e-06,0.00071
1.3418,5.6e-06,0.00072
1.3798,5.6e-06,0.00072
1.4163,5.6e-06,0.00072
1.4515,5.6e-06,0.00072
1.4864,5.6e-06,0.00073
1.5233,5.6e-06,0.00073
1.5604,5.6e-06,0.00073
1.5964,5.6e-06,0.00073
1.6345,5.6e-06,0.00073
1.6713,5.6e-06,0.00074
1.707,5.6e-06,0.00074
1.737,5.6e-06,0.00075
1.7719,5.6e-06,0.00075
1.8074,5.6e-06,0.00075
1.8427,5.6e-06,0.00076
1.8779,5.6e-06,0.00076
1.9141,5.6e-06,0.00076
1.9512,5.6e-06,0.00077
1.9876,5.6e-06,0.00077
2.0212,5.6e-06,0.00077
2.0589,5.6e-06,0.00078
2.1008,5.6e-06,0.00077
2.1362,5.6e-06,0.00078
2.1737,5.6e-06,0.00078
2.2103,5.6e-06,0.00078
2.2456,5.6e-06,0.00078
2.2822,5.6e-06,0.00078
2.3207,5.6e-06,0.00079
2.3599,5.6e-06,0.00078
0,6.2e-06,0
0,6.2e-06,4e-05
0,6.2e-06,8.000000000000001e-05
0,6.2e-06,0.00012
0,6.2e-06,0.00016
0,6.2e-06,0.00019
0,6.2e-06,0.00023
0,6.2e-06,0.00027
0,6.2e-06,0.00031
0,6.2e-06,0.00035
0,6.2e-06,0.00039
0,6.2e-06,0.00043
0,6.2e-06,0.00047
0,6.2e-06,0.0005
0.0001,6.2e-06,0.00054
0.008200000000000001,6.2e-06,0.00057
0.0188,6.2e-06,0.0005999999999999999
0.0363,6.2e-06,0.00062
0.0558,6.2e-06,0.0006400000000000001
0.0829,6.2e-06,0.00065
0.1156,6.2e-06,0.00066
0.1498,6.2e-06,0.00067
0.1782,6.2e-06,0.00068
0.214,6.2e-06,0.00068
0.2474,6.2e-06,0.00068
0.284,6.2e-06,0.00069
0.3197,6.2e-06,0.00069
0.3563,6.2e-06,0.00069
0.3918,6.2e-06,0.0007
0.4317,6.2e-06,0.00069
0.4645,6.2e-06,0.0007
0.5004,6.2e-06,0.0007
0.5381,6.2e-06,0.0007
0.5733,6.2e-06,0.00071
0.6087,6.2e-06,0.00071
0.6443,6.2e-06,0.00071
0.6818,6.2e-06,0.00072
0.7163,6.2e-06,0.00072
0.7551,6.2e-06,0.00072
0.7897999999999999,6.2e-06,0.00072
0.8262,6.2e-06,0.00073
0.8663999999999999,6.2e-06,0.00073
0.9029,6.2e-06,0.00073
0.9422,6.2e-06,0.00073
0.98,6.2e-06,0.00073
1.0172,6.2e-06,0.00073
1.0501,6.2e-06,0.00074
1.088,6.2e-06,0.00074
1.1239,6.2e-06,0.00074
1.1611,6.2e-06,0.00074
1.1985,6.2e-06,0.00074
1.2331,6.2e-06,0.00075
1.2743,6.2e-06,0.00074
1.3085,6.2e-06,0.00075
1.3481,6.2e-06,0.00075
1.3834,6.2e-06,0.00075
1.419,6.2e-06,0.00076
1.456,6.2e-06,0.00076
1.492,6.2e-06,0.00076
1.53,6.2e-06,0.00076
1.5641,6.2e-06,0.00077
1.6006,6.2e-06,0.00077
1.6351,6.2e-06,0.00077
1.6757,6.2e-06,0.00077
1.704,6.2e-06,0.00078
1.7404,6.2e-06,0.00078
1.7749,6.2e-06,0.00079
1.8096,6.2e-06,0.00079
1.8449,6.2e-06,0.0008
1.8821,6.2e-06,0.0008
1.9195,6.2e-06,0.0008
1.9542,6.2e-06,0.0008
1.9887,6.2e-06,0.00081
2.0253,6.2e-06,0.00081
2.0608,6.2e-06,0.00081
2.1038,6.2e-06,0.00081
2.1414,6.2e-06,0.00081
2.1765,6.2e-06,0.00081
2.2119,6.2e-06,0.00082
2.2507,6.2e-06,0.00082
2.2867,6.2e-06,0.00082
2.3249,6.2e-06,0.00082
0,6.8e-06,0
0,6.8e-06,4e-05
0,6.8e-06,8.000000000000001e-05
0,6.8e-06,0.00012
0,6.8e-06,0.00016
0,6.8e-06,0.00019
0,6.8e-06,0.00023
0,6.8e-06,0.00027
0,6.8e-06,0.00031
0,6.8e-06,0.00035
0,6.8e-06,0.00039
0,6.8e-06,0.00043
0,6.8e-06,0.00047
0,6.8e-06,0.0005
0,6.8e-06,0.00054
0.0004,6.8e-06,0.00058
0.011,6.8e-06,0.00061
0.0233,6.8e-06,0.0006400000000000001
0.0393,6.8e-06,0.00066
0.06,6.8e-06,0.00068
0.0887,6.8e-06,0.00069
0.1201,6.8e-06,0.0007
0.1487,6.8e-06,0.00071
0.1847,6.8e-06,0.00071
0.2185,6.8e-06,0.00071
0.2545,6.8e-06,0.00072
0.2906,6.8e-06,0.00072
0.3263,6.8e-06,0.00072
0.3622,6.8e-06,0.00072
0.3978,6.8e-06,0.00073
0.4367,6.8e-06,0.00073
0.4705,6.8e-06,0.00073
0.5083,6.8e-06,0.00073
0.5439000000000001,6.8e-06,0.00074
0.5803,6.8e-06,0.00074
0.6133,6.8e-06,0.00075
0.6504,6.8e-06,0.00075
0.6861,6.8e-06,0.00075
0.7245,6.8e-06,0.00075
0.7607,6.8e-06,0.00075
0.7949000000000001,6.8e-06,0.00076
0.8366,6.8e-06,0.00076
0.8728,6.8e-06,0.00076
0.914,6.8e-06,0.00076
0.9493,6.8e-06,0.00076
0.9868,6.8e-06,0.00076
1.0203,6.8e-06,0.00077
1.058,6.8e-06,0.00077
1.0953,6.8e-06,0.00077
1.1322,6.8e-06,0.00077
1.1698,6.8e-06,0.00077
1.2026,6.8e-06,0.00078
1.237,6.8e-06,0.00078
1.2801,6.8e-06,0.00078
1.3177,6.8e-06,0.00078
1.354,6.8e-06,0.00078
1.3883,6.8e-06,0.00079
1.4265,6.8e-06,0.00079
1.4602,6.8e-06,0.00079
1.498,6.8e-06,0.00079
1.5348,6.8e-06,0.00079
1.572,6.8e-06,0.0008
1.6061,6.8e-06,0.0008
1.6404,6.8e-06,0.00081
1.6744,6.8e-06,0.00081
1.7116,6.8e-06,0.00081
1.7452,6.8e-06,0.00082
1.7803,6.8e-06,0.00082
1.8168,6.8e-06,0.00082
1.8524,6.8e-06,0.00083
1.8906,6.8e-06,0.00083
1.9243,6.8e-06,0.00083
1.959,6.8e-06,0.00084
1.996,6.8e-06,0.00084
2.0307,6.8e-06,0.00084
2.0621,6.8e-06,0.00085
2.1103,6.8e-06,0.00084
2.1473,6.8e-06,0.00084
2.181,6.8e-06,0.00085
2.2186,6.8e-06,0.00085
2.2559,6.8e-06,0.00085
2.2937,6.8e-06,0.00085
0,7.3e-06,0
0,7.3e-06,4e-05
0,7.3e-06,8.000000000000001e-05
0,7.3e-06,0.00012
0,7.3e-06,0.00016
0,7.3e-06,0.00019
0,7.3e-06,0.00023
0,7.3e-06,0.00027
0,7.3e-06,0.00031
0,7.3e-06,0.00035
0,7.3e-06,0.00039
0,7.3e-06,0.00043
0,7.3e-06,0.00047
0,7.3e-06,0.0005
0,7.3e-06,0.00054
0.0003,7.3e-06,0.00058
0.003,7.3e-06,0.00062
0.0133,7.3e-06,0.00065
0.0259,7.3e-06,0.00067
0.042,7.3e-06,0.0007
0.0636,7.3e-06,0.00071
0.0917,7.3e-06,0.00072
0.1183,7.3e-06,0.00074
0.1539,7.3e-06,0.00074
0.1883,7.3e-06,0.00074
0.2231,7.3e-06,0.00075
0.2584,7.3e-06,0.00075
0.2958,7.3e-06,0.00075
0.3306,7.3e-06,0.00076
0.3669,7.3e-06,0.00076
0.4017,7.3e-06,0.00076
0.4409,7.3e-06,0.00076
0.4776,7.3e-06,0.00076
0.5131,7.3e-06,0.00077
0.5499000000000001,7.3e-06,0.00077
0.582,7.3e-06,0.00078
0.6191,7.3e-06,0.00078
0.6563,7.3e-06,0.00078
0.6914,7.3e-06,0.00078
0.7285,7.3e-06,0.00079
0.7623,7.3e-06,0.00079
0.7993,7.3e-06,0.00079
0.8389,7.3e-06,0.00079
0.8801,7.3e-06,0.00079
0.9167999999999999,7.3e-06,0.00079
0.9534,7.3e-06,0.00079
0.9895,7.3e-06,0.0008
1.0245,7.3e-06,0.0008
1.0635,7.3e-06,0.0008
1.099,7.3e-06,0.0008
1.1359,7.3e-06,0.00081
1.1719,7.3e-06,0.00081
1.2063,7.3e-06,0.00081
1.2385,7.3e-06,0.00082
1.286,7.3e-06,0.00081
1.321,7.3e-06,0.00081
1.3556,7.3e-06,0.00082
1.3924,7.3e-06,0.00082
1.4303,7.3e-06,0.00082
1.4672,7.3e-06,0.00082
1.5012,7.3e-06,0.00083
1.5386,7.3e-06,0.00083
1.5723,7.3e-06,0.00083
1.6098,7.3e-06,0.00084
1.6368,7.3e-06,0.00085
1.6786,7.3e-06,0.00084
1.7134,7.3e-06,0.00085
1.7484,7.3e-06,0.00085
1.7842,7.3e-06,0.00086
1.8196,7.3e-06,0.00086
1.8558,7.3e-06,0.00086
1.8936,7.3e-06,0.00086
1.9266,7.3e-06,0.00087
1.9626,7.3e-06,0.00087
1.9994,7.3e-06,0.00087
2.0369,7.3e-06,0.00087
2.0661,7.3e-06,0.00088
2.1143,7.3e-06,0.00088
2.1498,7.3e-06,0.00088
2.1848,7.3e-06,0.00088
2.2235,7.3e-06,0.00088
2.2609,7.3e-06,0.00088
0,8e-06,0
0,8e-06,4e-05
0,8e-06,8.000000000000001e-05
0,8e-06,0.00012
0,8e-06,0.00016
0,8e-06,0.00019
0,8e-06,0.00023
0,8e-06,0.00027
0,8e-06,0.00031
0,8e-06,0.00035
0,8e-06,0.00039
0,8e-06,0.00043
0,8e-06,0.00047
0,8e-06,0.0005
0,8e-06,0.00054
0,8e-06,0.00058
0.0002,8e-06,0.00062
0.0058,8e-06,0.00065
0.014,8e-06,0.00068
0.0283,8e-06,0.00071
0.0446,8e-06,0.00073
0.06660000000000001,8e-06,0.00075
0.0896,8e-06,0.00076
0.1227,8e-06,0.00077
0.1568,8e-06,0.00077
0.1927,8e-06,0.00078
0.2287,8e-06,0.00078
0.2663,8e-06,0.00078
0.2996,8e-06,0.00079
0.3352,8e-06,0.00079
0.37,8e-06,0.00079
0.403,8e-06,0.0008
0.4482,8e-06,0.00079
0.4809,8e-06,0.0008
0.5182,8e-06,0.0008
0.5516,8e-06,0.00081
0.5861,8e-06,0.00081
0.6241,8e-06,0.00081
0.6601,8e-06,0.00082
0.6962,8e-06,0.00082
0.7321,8e-06,0.00082
0.7681,8e-06,0.00082
0.8031,8e-06,0.00083
0.8479,8e-06,0.00082
0.8863,8e-06,0.00082
0.9222,8e-06,0.00082
0.9559,8e-06,0.00083
0.9926,8e-06,0.00083
1.0311,8e-06,0.00083
1.0687,8e-06,0.00083
1.1034,8e-06,0.00084
1.1391,8e-06,0.00084
1.1755,8e-06,0.00084
1.2113,8e-06,0.00085
1.2516,8e-06,0.00084
1.2907,8e-06,0.00084
1.3249,8e-06,0.00085
1.36,8e-06,0.00085
1.3986,8e-06,0.00085
1.4343,8e-06,0.00086
1.4717,8e-06,0.00086
1.5082,8e-06,0.00086
1.5418,8e-06,0.00087
1.5774,8e-06,0.00087
1.6053,8e-06,0.00088
1.6417,8e-06,0.00088
1.6835,8e-06,0.00088
1.7157,8e-06,0.0008899999999999999
1.7524,8e-06,0.0008899999999999999
1.7897,8e-06,0.0008899999999999999
1.8247,8e-06,0.0008899999999999999
1.8603,8e-06,0.0009
1.8953,8e-06,0.0009
1.9326,8e-06,0.0009
1.9688,8e-06,0.0009
2.0054,8e-06,0.00091
2.0411,8e-06,0.00091
2.0764,8e-06,0.00091
2.1161,8e-06,0.00091
2.1525,8e-06,0.00091
2.1902,8e-06,0.00092
2.2282,8e-06,0.00092
0,8.600000000000001e-06,0
0,8.600000000000001e-06,4e-05
0,8.600000000000001e-06,8.000000000000001e-05
0,8.600000000000001e-06,0.00012
0,8.600000000000001e-06,0.00016
0,8.600000000000001e-06,0.00019
0,8.600000000000001e-06,0.00023
0,8.600000000000001e-06,0.00027
0,8.600000000000001e-06,0.00031
0,8.600000000000001e-06,0.00035
0,8.600000000000001e-06,0.00039
0,8.600000000000001e-06,0.00043
0,8.600000000000001e-06,0.00047
0,8.600000000000001e-06,0.0005
0,8.600000000000001e-06,0.00054
0,8.600000000000001e-06,0.00058
0,8.600000000000001e-06,0.00062
0.0003,8.600000000000001e-06,0.00066
0.008500000000000001,8.600000000000001e-06,0.00069
0.0165,8.600000000000001e-06,0.00072
0.0311,8.600000000000001e-06,0.00075
0.0487,8.600000000000001e-06,0.00077
0.06569999999999999,8.600000000000001e-06,0.00079
0.0939,8.600000000000001e-06,0.0008
0.1261,8.600000000000001e-06,0.00081
0.1629,8.600000000000001e-06,0.00081
0.1974,8.600000000000001e-06,0.00081
0.2342,8.600000000000001e-06,0.00081
0.27,8.600000000000001e-06,0.00082
0.305,8.600000000000001e-06,0.00082
0.3387,8.600000000000001e-06,0.00083
0.3746,8.600000000000001e-06,0.00083
0.4126,8.600000000000001e-06,0.00083
0.4523,8.600000000000001e-06,0.00083
0.4867,8.600000000000001e-06,0.00083
0.5221,8.600000000000001e-06,0.00084
0.5564,8.600000000000001e-06,0.00084
0.5924,8.600000000000001e-06,0.00084
0.6297,8.600000000000001e-06,0.00085
0.6649,8.600000000000001e-06,0.00085
0.7006,8.600000000000001e-06,0.00085
0.7362,8.600000000000001e-06,0.00086
0.7725,8.600000000000001e-06,0.00086
0.8123,8.600000000000001e-06,0.00086
0.8552999999999999,8.600000000000001e-06,0.00085
0.8895999999999999,8.600000000000001e-06,0.00086
0.9253,8.600000000000001e-06,0.00086
0.9626,8.600000000000001e-06,0.00086
0.9981,8.600000000000001e-06,0.00087
1.0357,8.600000000000001e-06,0.00087
1.0718,8.600000000000001e-06,0.00087
1.1074,8.600000000000001e-06,0.00087
1.1436,8.600000000000001e-06,0.00088
1.1796,8.600000000000001e-06,0.00088
1.2205,8.600000000000001e-06,0.00088
1.2573,8.600000000000001e-06,0.00088
1.2927,8.600000000000001e-06,0.00088
1.3286,8.600000000000001e-06,0.00088
1.3664,8.600000000000001e-06,0.0008899999999999999
1.4035,8.600000000000001e-06,0.0008899999999999999
1.4391,8.600000000000001e-06,0.0008899999999999999
1.4764,8.600000000000001e-06,0.0008899999999999999
1.5104,8.600000000000001e-06,0.0009
1.5472,8.600000000000001e-06,0.0009
1.575,8.600000000000001e-06,0.00091
1.6119,8.600000000000001e-06,0.00091
1.6492,8.600000000000001e-06,0.00091
1.6871,8.600000000000001e-06,0.00091
1.7204,8.600000000000001e-06,0.00092
1.7576,8.600000000000001e-06,0.00092
1.7936,8.600000000000001e-06,0.00092
1.8305,8.600000000000001e-06,0.0009300000000000001
1.8656,8.600000000000001e-06,0.0009300000000000001
1.9,8.600000000000001e-06,0.0009300000000000001
1.9368,8.600000000000001e-06,0.00094
1.9741,8.600000000000001e-06,0.00094
2.0109,8.600000000000001e-06,0.00094
2.0474,8.600000000000001e-06,0.00094
2.0824,8.600000000000001e-06,0.00095
2.1219,8.600000000000001e-06,0.00095
2.1576,8.600000000000001e-06,0.00095
2.1952,8.600000000000001e-06,0.00095
0,9.2e-06,0
0,9.2e-06,4e-05
0,9.2e-06,8.000000000000001e-05
0,9.2e-06,0.00012
0,9.2e-06,0.00016
0,9.2e-06,0.00019
0,9.2e-06,0.00023
0,9.2e-06,0.00027
0,9.2e-06,0.00031
0,9.2e-06,0.00035
0,9.2e-06,0.00039
0,9.2e-06,0.00043
0,9.2e-06,0.00047
0,9.2e-06,0.0005
0,9.2e-06,0.00054
0,9.2e-06,0.00058
0,9.2e-06,0.00062
0,9.2e-06,0.00066
0.0016,9.2e-06,0.0007
0.0111,9.2e-06,0.00073
0.0201,9.2e-06,0.00076
0.035,9.2e-06,0.00078
0.0486,9.2e-06,0.00081
0.0693,9.2e-06,0.00082
0.0997,9.2e-06,0.00083
0.1333,9.2e-06,0.00084
0.1678,9.2e-06,0.00084
0.2053,9.2e-06,0.00084
0.2413,9.2e-06,0.00085
0.275,9.2e-06,0.00085
0.3103,9.2e-06,0.00085
0.346,9.2e-06,0.00086
0.3828,9.2e-06,0.00086
0.4214,9.2e-06,0.00086
0.4579,9.2e-06,0.00086
0.4908,9.2e-06,0.00087
0.5269,9.2e-06,0.00087
0.5623,9.2e-06,0.00087
0.5999,9.2e-06,0.00088
0.6357,9.2e-06,0.00088
0.6693,9.2e-06,0.00088
0.7067,9.2e-06,0.0008899999999999999
0.7418,9.2e-06,0.0008899999999999999
0.8193,9.2e-06,0.0008899999999999999
0.8614000000000001,9.2e-06,0.0008899999999999999
0.8938,9.2e-06,0.0008899999999999999
0.9328,9.2e-06,0.0008899999999999999
0.9705,9.2e-06,0.0008899999999999999
1.0073,9.2e-06,0.0009
1.0437,9.2e-06,0.0009
1.0784,9.2e-06,0.0009
1.1157,9.2e-06,0.0009
1.1504,9.2e-06,0.00091
1.1899,9.2e-06,0.00091
1.2254,9.2e-06,0.00091
1.2652,9.2e-06,0.00091
1.3006,9.2e-06,0.00091
1.3364,9.2e-06,0.00092
1.3753,9.2e-06,0.00092
1.4093,9.2e-06,0.00092
1.4467,9.2e-06,0.00092
1.4818,9.2e-06,0.0009300000000000001
1.5165,9.2e-06,0.0009300000000000001
1.5457,9.2e-06,0.00094
1.5827,9.2e-06,0.00094
1.6169,9.2e-06,0.00095
1.6571,9.2e-06,0.00094
1.6917,9.2e-06,0.00095
1.7281,9.2e-06,0.00095
1.7652,9.2e-06,0.00095
1.8008,9.2e-06,0.00096
1.8353,9.2e-06,0.00096
1.8711,9.2e-06,0.00096
1.9059,9.2e-06,0.0009700000000000001
1.9451,9.2e-06,0.0009700000000000001
1.9791,9.2e-06,0.0009700000000000001
2.0163,9.2e-06,0.0009700000000000001
2.0505,9.2e-06,0.00098
2.0905,9.2e-06,0.00098
2.1283,9.2e-06,0.00098
2.1642,9.2e-06,0.00098
0,9.799999999999999e-06,0
0,9.799999999999999e-06,4e-05
0,9.799999999999999e-06,8.000000000000001e-05
0,9.799999999999999e-06,0.00012
0,9.799999999999999e-06,0.00016
0,9.799999999999999e-06,0.00019
0,9.799999999999999e-06,0.00023
0,9.799999999999999e-06,0.00027
0,9.799999999999999e-06,0.00031
0,9.799999999999999e-06,0.00035
0,9.799999999999999e-06,0.00039
0,9.799999999999999e-06,0.00043
0,9.799999999999999e-06,0.00047
0,9.799999999999999e-06,0.0005
0,9.799999999999999e-06,0.00054
0,9.799999999999999e-06,0.00058
0,9.799999999999999e-06,0.00062
0,9.799999999999999e-06,0.00066
0,9.799999999999999e-06,0.0007
0.0032,9.799999999999999e-06,0.00073
0.0125,9.799999999999999e-06,0.00076
0.0235,9.799999999999999e-06,0.00079
0.0353,9.799999999999999e-06,0.00082
0.0519,9.799999999999999e-06,0.00084
0.0743,9.799999999999999e-06,0.00086
0.1045,9.799999999999999e-06,0.00087
0.139,9.799999999999999e-06,0.00087
0.1726,9.799999999999999e-06,0.00088
0.2101,9.799999999999999e-06,0.00088
0.2447,9.799999999999999e-06,0.00088
0.278,9.799999999999999e-06,0.0008899999999999999
0.3151,9.799999999999999e-06,0.0008899999999999999
0.352,9.799999999999999e-06,0.0008899999999999999
0.3875,9.799999999999999e-06,0.0008899999999999999
0.4263,9.799999999999999e-06,0.0008899999999999999
0.462,9.799999999999999e-06,0.0009
0.4964,9.799999999999999e-06,0.0009
0.5311,9.799999999999999e-06,0.00091
0.5692,9.799999999999999e-06,0.00091
0.6048,9.799999999999999e-06,0.00091
0.6381,9.799999999999999e-06,0.00091
0.6751,9.799999999999999e-06,0.00092
0.7119,9.799999999999999e-06,0.00092
0.7533,9.799999999999999e-06,0.00092
0.7867,9.799999999999999e-06,0.00092
0.8262,9.799999999999999e-06,0.00092
0.8641,9.799999999999999e-06,0.00092
0.8998,9.799999999999999e-06,0.00092
0.9379999999999999,9.799999999999999e-06,0.0009300000000000001
0.9743000000000001,9.799999999999999e-06,0.0009300000000000001
1.0115,9.799999999999999e-06,0.0009300000000000001
1.0451,9.799999999999999e-06,0.0009300000000000001
1.0828,9.799999999999999e-06,0.00094
1.1193,9.799999999999999e-06,0.00094
1.1576,9.799999999999999e-06,0.00094
1.1937,9.799999999999999e-06,0.00094
1.2275,9.799999999999999e-06,0.00095
1.2694,9.799999999999999e-06,0.00094
1.3035,9.799999999999999e-06,0.00095
1.3425,9.799999999999999e-06,0.00095
1.3786,9.799999999999999e-06,0.00095
1.4142,9.799999999999999e-06,0.00095
1.4494,9.799999999999999e-06,0.00096
1.4846,9.799999999999999e-06,0.00096
1.5133,9.799999999999999e-06,0.0009700000000000001
1.5514,9.799999999999999e-06,0.0009700000000000001
1.5864,9.799999999999999e-06,0.00098
1.619,9.799999999999999e-06,0.00098
1.6604,9.799999999999999e-06,0.00098
1.6962,9.799999999999999e-06,0.00098
1.733,9.799999999999999e-06,0.00098
1.7683,9.799999999999999e-06,0.00099
1.8035,9.799999999999999e-06,0.00099
1.8398,9.799999999999999e-06,0.00099
1.8744,9.799999999999999e-06,0.001
1.913,9.799999999999999e-06,0.001
1.9478,9.799999999999999e-06,0.001
1.9843,9.799999999999999e-06,0.00101
2.0186,9.799999999999999e-06,0.00101
2.0531,9.799999999999999e-06,0.00101
2.0965,9.799999999999999e-06,0.00101
2.1313,9.799999999999999e-06,0.00101
0,1.05e-05,0
0,1.05e-05,4e-05
0,1.05e-05,8.000000000000001e-05
0,1.05e-05,0.00012
0,1.05e-05,0.00016
0,1.05e-05,0.00019
0,1.05e-05,0.00023
0,1.05e-05,0.00027
0,1.05e-05,0.00031
0,1.05e-05,0.00035
0,1.05e-05,0.00039
0,1.05e-05,0.00043
0,1.05e-05,0.00047
0,1.05e-05,0.0005
0,1.05e-05,0.00054
0,1.05e-05,0.00058
0,1.05e-05,0.00062
0,1.05e-05,0.00066
0,1.05e-05,0.0007
0.0001,1.05e-05,0.00074
0.006,1.05e-05,0.00077
0.0139,1.05e-05,0.0008
0.0236,1.05e-05,0.00083
0.0378,1.05e-05,0.00086
0.0545,1.05e-05,0.00088
0.0788,1.05e-05,0.0008899999999999999
0.1101,1.05e-05,0.0009
0.1438,1.05e-05,0.0009
0.1786,1.05e-05,0.00091
0.2156,1.05e-05,0.00091
0.2475,1.05e-05,0.00092
0.284,1.05e-05,0.00092
0.3215,1.05e-05,0.00092
0.3582,1.05e-05,0.00092
0.3922,1.05e-05,0.0009300000000000001
0.4299,1.05e-05,0.0009300000000000001
0.4665,1.05e-05,0.0009300000000000001
0.5016,1.05e-05,0.0009300000000000001
0.5383,1.05e-05,0.00094
0.5731000000000001,1.05e-05,0.00094
0.6073,1.05e-05,0.00095
0.6437,1.05e-05,0.00095
0.6801,1.05e-05,0.00095
0.7201,1.05e-05,0.00095
0.7572,1.05e-05,0.00095
0.7925,1.05e-05,0.00095
0.867,1.05e-05,0.00096
0.9056999999999999,1.05e-05,0.00096
0.9416,1.05e-05,0.00096
0.9797,1.05e-05,0.00096
1.0151,1.05e-05,0.00096
1.0487,1.05e-05,0.0009700000000000001
1.0866,1.05e-05,0.0009700000000000001
1.1243,1.05e-05,0.0009700000000000001
1.1619,1.05e-05,0.0009700000000000001
1.1962,1.05e-05,0.00098
1.2305,1.05e-05,0.00098
1.272,1.05e-05,0.00098
1.3097,1.05e-05,0.00098
1.3451,1.05e-05,0.00098
1.3818,1.05e-05,0.00099
1.4158,1.05e-05,0.00099
1.4527,1.05e-05,0.00099
1.5173,1.05e-05,0.00101
1.5541,1.05e-05,0.00101
1.5871,1.05e-05,0.00101
1.6241,1.05e-05,0.00102
1.664,1.05e-05,0.00101
1.7005,1.05e-05,0.00102
1.7366,1.05e-05,0.00102
1.7702,1.05e-05,0.00103
1.8059,1.05e-05,0.00103
1.8422,1.05e-05,0.00103
1.88,1.05e-05,0.00103
1.9159,1.05e-05,0.00103
1.9525,1.05e-05,0.00104
1.9864,1.05e-05,0.00104
2.0219,1.05e-05,0.00105
2.0586,1.05e-05,0.00105
2.0996,1.05e-05,0.00105
0,1.1e-05,0
0,1.1e-05,4e-05
0,1.1e-05,8.000000000000001e-05
0,1.1e-05,0.00012
0,1.1e-05,0.00016
0,1.1e-05,0.00019
0,1.1e-05,0.00023
0,1.1e-05,0.00027
0,1.1e-05,0.00031
0,1.1e-05,0.00035
0,1.1e-05,0.00039
0,1.1e-05,0.00043
0,1.1e-05,0.00047
0,1.1e-05,0.0005
0,1.1e-05,0.00054
0,1.1e-05,0.00058
0,1.1e-05,0.00062
0,1.1e-05,0.00066
0,1.1e-05,0.0007
0,1.1e-05,0.00074
0.0005,1.1e-05,0.00078
0.008,1.1e-05,0.00081
0.014,1.1e-05,0.00084
0.0255,1.1e-05,0.00087
0.0389,1.1e-05,0.0008899999999999999
0.0571,1.1e-05,0.00091
0.083,1.1e-05,0.0009300000000000001
0.1148,1.1e-05,0.0009300000000000001
0.148,1.1e-05,0.00094
0.1837,1.1e-05,0.00094
0.2181,1.1e-05,0.00095
0.2535,1.1e-05,0.00095
0.2913,1.1e-05,0.00095
0.3261,1.1e-05,0.00096
0.3615,1.1e-05,0.00096
0.3959,1.1e-05,0.00096
0.4354,1.1e-05,0.00096
0.471,1.1e-05,0.0009700000000000001
0.5066000000000001,1.1e-05,0.0009700000000000001
0.5421,1.1e-05,0.0009700000000000001
0.5768,1.1e-05,0.00098
0.6124000000000001,1.1e-05,0.00098
0.6483,1.1e-05,0.00098
0.6879,1.1e-05,0.00098
0.7246,1.1e-05,0.00098
0.7614,1.1e-05,0.00099
0.7959000000000001,1.1e-05,0.00099
0.8363,1.1e-05,0.00099
0.8745000000000001,1.1e-05,0.00099
0.9112,1.1e-05,0.00099
0.9465,1.1e-05,0.00099
0.9814000000000001,1.1e-05,0.001
1.0183,1.1e-05,0.001
1.0541,1.1e-05,0.001
1.0944,1.1e-05,0.001
1.1295,1.1e-05,0.00101
1.1642,1.1e-05,0.00101
1.2002,1.1e-05,0.00101
1.2358,1.1e-05,0.00102
1.2786,1.1e-05,0.00101
1.3146,1.1e-05,0.00101
1.3499,1.1e-05,0.00102
1.3842,1.1e-05,0.00102
1.4208,1.1e-05,0.00103
1.4492,1.1e-05,0.00104
1.4856,1.1e-05,0.00104
1.522,1.1e-05,0.00104
1.5579,1.1e-05,0.00104
1.5921,1.1e-05,0.00105
1.628,1.1e-05,0.00105
1.6685,1.1e-05,0.00105
1.7049,1.1e-05,0.00105
1.7389,1.1e-05,0.00106
1.7754,1.1e-05,0.00106
1.8121,1.1e-05,0.00106
1.8481,1.1e-05,0.00106
1.8842,1.1e-05,0.00107
1.9206,1.1e-05,0.00107
1.9555,1.1e-05,0.00107
1.9899,1.1e-05,0.00108
2.0273,1.1e-05,0.00108
2.0613,1.1e-05,0.00108
0,1.16e-05,0
0,1.16e-05,4e-05
0,1.16e-05,8.000000000000001e-05
0,1.16e-05,0.00012
0,1.16e-05,0.00016
0,1.16e-05,0.00019
0,1.16e-05,0.00023
0,1.16e-05,0.00027
0,1.16e-05,0.00031
0,1.16e-05,0.00035
0,1.16e-05,0.00039
0,1.16e-05,0.00043
0,1.16e-05,0.00047
0,1.16e-05,0.0005
0,1.16e-05,0.00054
0,1.16e-05,0.00058
0,1.16e-05,0.00062
0,1.16e-05,0.00066
0,1.16e-05,0.0007
0,1.16e-05,0.00074
0,1.16e-05,0.00078
0.0028,1.16e-05,0.00081
0.0097,1.16e-05,0.00084
0.0167,1.16e-05,0.00088
0.029,1.16e-05,0.0009
0.0431,1.16e-05,0.0009300000000000001
0.0631,1.16e-05,0.00095
0.0897,1.16e-05,0.00096
0.1204,1.16e-05,0.0009700000000000001
0.1554,1.16e-05,0.0009700000000000001
0.1902,1.16e-05,0.0009700000000000001
0.2245,1.16e-05,0.00098
0.263,1.16e-05,0.00098
0.2974,1.16e-05,0.00098
0.3335,1.16e-05,0.00099
0.3669,1.16e-05,0.00099
0.4029,1.16e-05,0.00099
0.4427,1.16e-05,0.00099
0.4781,1.16e-05,0.001
0.5133,1.16e-05,0.001
0.5478,1.16e-05,0.00101
0.5831,1.16e-05,0.00101
0.6195000000000001,1.16e-05,0.00101
0.6594,1.16e-05,0.00101
0.6969,1.16e-05,0.00101
0.7333,1.16e-05,0.00101
0.7668,1.16e-05,0.00102
0.803,1.16e-05,0.00102
0.8444,1.16e-05,0.00102
0.8811,1.16e-05,0.00102
0.9169,1.16e-05,0.00102
0.9515,1.16e-05,0.00103
0.9885,1.16e-05,0.00103
1.0256,1.16e-05,0.00103
1.0634,1.16e-05,0.00103
1.0989,1.16e-05,0.00104
1.1349,1.16e-05,0.00104
1.1725,1.16e-05,0.00104
1.2064,1.16e-05,0.00105
1.2402,1.16e-05,0.00105
1.2851,1.16e-05,0.00104
1.3223,1.16e-05,0.00105
1.3556,1.16e-05,0.00105
1.3915,1.16e-05,0.00105
1.4206,1.16e-05,0.00106
1.4572,1.16e-05,0.00107
1.4939,1.16e-05,0.00107
1.527,1.16e-05,0.00107
1.5631,1.16e-05,0.00108
1.5997,1.16e-05,0.00108
1.6368,1.16e-05,0.00108
1.6757,1.16e-05,0.00108
1.7113,1.16e-05,0.00108
1.7448,1.16e-05,0.00109
1.7818,1.16e-05,0.00109
1.8199,1.16e-05,0.00109
1.8548,1.16e-05,0.0011
1.8924,1.16e-05,0.0011
1.924,1.16e-05,0.0011
1.9605,1.16e-05,0.00111
1.9976,1.16e-05,0.00111
2.0338,1.16e-05,0.00111
0,1.23e-05,0
0,1.23e-05,4e-05
0,1.23e-05,8.000000000000001e-05
0,1.23e-05,0.00012
0,1.23e-05,0.00016
0,1.23e-05,0.00019
0,1.23e-05,0.00023
0,1.23e-05,0.00027
0,1.23e-05,0.00031
0,1.23e-05,0.00035
0,1.23e-05,0.00039
0,1.23e-05,0.00043
0,1.23e-05,0.00047
0,1.23e-05,0.0005
0,1.23e-05,0.00054
0,1.23e-05,0.00058
0,1.23e-05,0.00062
0,1.23e-05,0.00066
0,1.23e-05,0.0007
0,1.23e-05,0.00074
0,1.23e-05,0.00078
0.0002,1.23e-05,0.00082
0.0034,1.23e-05,0.00085
0.0117,1.23e-05,0.00088
0.018,1.23e-05,0.00091
0.0315,1.23e-05,0.00094
0.0459,1.23e-05,0.00096
0.0655,1.23e-05,0.00098
0.09329999999999999,1.23e-05,0.00099
0.1258,1.23e-05,0.001
0.1581,1.23e-05,0.00101
0.1946,1.23e-05,0.00101
0.2319,1.23e-05,0.00101
0.2672,1.23e-05,0.00101
0.3022,1.23e-05,0.00102
0.337,1.23e-05,0.00102
0.3722,1.23e-05,0.00103
0.4073,1.23e-05,0.00103
0.4482,1.23e-05,0.00103
0.4831,1.23e-05,0.00103
0.5172,1.23e-05,0.00104
0.5532,1.23e-05,0.00104
0.5893,1.23e-05,0.00104
0.629,1.23e-05,0.00104
0.6629,1.23e-05,0.00105
0.7012,1.23e-05,0.00105
0.7356,1.23e-05,0.00105
0.7719,1.23e-05,0.00105
0.8099,1.23e-05,0.00105
0.8497,1.23e-05,0.00105
0.8855,1.23e-05,0.00106
0.9197,1.23e-05,0.00106
0.9565,1.23e-05,0.00106
0.9929,1.23e-05,0.00106
1.0313,1.23e-05,0.00107
1.069,1.23e-05,0.00107
1.1007,1.23e-05,0.00107
1.1388,1.23e-05,0.00107
1.1748,1.23e-05,0.00108
1.2122,1.23e-05,0.00108
1.2458,1.23e-05,0.00108
1.2889,1.23e-05,0.00108
1.3244,1.23e-05,0.00108
1.3586,1.23e-05,0.00109
1.3881,1.23e-05,0.0011
1.4249,1.23e-05,0.0011
1.4597,1.23e-05,0.0011
1.494,1.23e-05,0.00111
1.5317,1.23e-05,0.00111
1.5663,1.23e-05,0.00111
1.6045,1.23e-05,0.00111
1.6387,1.23e-05,0.00112
1.6776,1.23e-05,0.00112
1.7136,1.23e-05,0.00112
1.7488,1.23e-05,0.00112
1.7873,1.23e-05,0.00112
1.8218,1.23e-05,0.00113
1.8594,1.23e-05,0.00113
1.893,1.23e-05,0.00114
1.9282,1.23e-05,0.00114
1.9666,1.23e-05,0.00114
2.0002,1.23e-05,0.00114
0,1.29e-05,0
0,1.29e-05,4e-05
0,1.29e-05,8.000000000000001e-05
0,1.29e-05,0.00012
0,1.29e-05,0.00016
0,1.29e-05,0.00019
0,1.29e-05,0.00023
0,1.29e-05,0.00027
0,1.29e-05,0.00031
0,1.29e-05,0.00035
0,1.29e-05,0.00039
0,1.29e-05,0.00043
0,1.29e-05,0.00047
0,1.29e-05,0.0005
0,1.29e-05,0.00054
0,1.29e-05,0.00058
0,1.29e-05,0.00062
0,1.29e-05,0.00066
0,1.29e-05,0.0007
0,1.29e-05,0.00074
0,1.29e-05,0.00078
0,1.29e-05,0.00082
0.0004,1.29e-05,0.00085
0.0052,1.29e-05,0.0008899999999999999
0.0128,1.29e-05,0.00092
0.022,1.29e-05,0.00095
0.0347,1.29e-05,0.0009700000000000001
0.0501,1.29e-05,0.001
0.0699,1.29e-05,0.00102
0.0983,1.29e-05,0.00103
0.1292,1.29e-05,0.00104
0.1644,1.29e-05,0.00104
0.2016,1.29e-05,0.00104
0.2379,1.29e-05,0.00104
0.2722,1.29e-05,0.00105
0.3057,1.29e-05,0.00105
0.3417,1.29e-05,0.00106
0.376,1.29e-05,0.00106
0.4129,1.29e-05,0.00106
0.4523,1.29e-05,0.00106
0.4863,1.29e-05,0.00107
0.5228,1.29e-05,0.00107
0.5569,1.29e-05,0.00107
0.598,1.29e-05,0.00107
0.6323,1.29e-05,0.00108
0.669,1.29e-05,0.00108
0.706,1.29e-05,0.00108
0.738,1.29e-05,0.00109
0.7775,1.29e-05,0.00109
0.8139999999999999,1.29e-05,0.00109
0.8542999999999999,1.29e-05,0.00109
0.888,1.29e-05,0.00109
0.9251,1.29e-05,0.00109
0.9618,1.29e-05,0.0011
0.9998,1.29e-05,0.0011
1.0362,1.29e-05,0.0011
1.0711,1.29e-05,0.0011
1.1072,1.29e-05,0.00111
1.143,1.29e-05,0.00111
1.1805,1.29e-05,0.00111
1.2179,1.29e-05,0.00111
1.2561,1.29e-05,0.00111
1.2921,1.29e-05,0.00111
1.3282,1.29e-05,0.00112
1.3569,1.29e-05,0.00113
1.3934,1.29e-05,0.00113
1.4296,1.29e-05,0.00113
1.4631,1.29e-05,0.00114
1.5001,1.29e-05,0.00114
1.5359,1.29e-05,0.00114
1.5733,1.29e-05,0.00114
1.6081,1.29e-05,0.00115
1.6436,1.29e-05,0.00115
1.6842,1.29e-05,0.00115
1.7179,1.29e-05,0.00116
1.7559,1.29e-05,0.00116
1.792,1.29e-05,0.00116
1.8289,1.29e-05,0.00116
1.863,1.29e-05,0.00117
1.8983,1.29e-05,0.00117
1.935,1.29e-05,0.00117
1.9717,1.29e-05,0.00117
0,1.35e-05,0
0,1.35e-05,4e-05
0,1.35e-05,8.000000000000001e-05
0,1.35e-05,0.00012
0,1.35e-05,0.00016
0,1.35e-05,0.00019
0,1.35e-05,0.00023
0,1.35e-05,0.00027
0,1.35e-05,0.00031
0,1.35e-05,0.00035
0,1.35e-05,0.00039
0,1.35e-05,0.00043
0,1.35e-05,0.00047
0,1.35e-05,0.0005
0,1.35e-05,0.00054
0,1.35e-05,0.00058
0,1.35e-05,0.00062
0,1.35e-05,0.00066
0,1.35e-05,0.0007
0,1.35e-05,0.00074
0,1.35e-05,0.00078
0,1.35e-05,0.00082
0,1.35e-05,0.00085
0.0008,1.35e-05,0.0008899999999999999
0.0066,1.35e-05,0.0009300000000000001
0.0132,1.35e-05,0.00096
0.0239,1.35e-05,0.00099
0.0367,1.35e-05,0.00101
0.0521,1.35e-05,0.00103
0.0738,1.35e-05,0.00105
0.102,1.35e-05,0.00106
0.135,1.35e-05,0.00107
0.1698,1.35e-05,0.00107
0.2069,1.35e-05,0.00107
0.2433,1.35e-05,0.00108
0.2753,1.35e-05,0.00108
0.3107,1.35e-05,0.00109
0.347,1.35e-05,0.00109
0.3819,1.35e-05,0.00109
0.4224,1.35e-05,0.00109
0.4556,1.35e-05,0.0011
0.4922,1.35e-05,0.0011
0.5269,1.35e-05,0.0011
0.5669,1.35e-05,0.0011
0.603,1.35e-05,0.00111
0.6379,1.35e-05,0.00111
0.6733,1.35e-05,0.00111
0.7089,1.35e-05,0.00112
0.7472,1.35e-05,0.00112
0.7837,1.35e-05,0.00112
0.8192,1.35e-05,0.00112
0.8597,1.35e-05,0.00112
0.8931,1.35e-05,0.00113
0.9306,1.35e-05,0.00113
0.9685,1.35e-05,0.00113
1.0056,1.35e-05,0.00113
1.0406,1.35e-05,0.00113
1.0756,1.35e-05,0.00114
1.1124,1.35e-05,0.00114
1.1488,1.35e-05,0.00114
1.1845,1.35e-05,0.00114
1.2221,1.35e-05,0.00115
1.2619,1.35e-05,0.00115
1.2975,1.35e-05,0.00115
1.327,1.35e-05,0.00116
1.3639,1.35e-05,0.00116
1.3997,1.35e-05,0.00116
1.4328,1.35e-05,0.00117
1.4684,1.35e-05,0.00117
1.5053,1.35e-05,0.00117
1.5414,1.35e-05,0.00118
1.5783,1.35e-05,0.00118
1.612,1.35e-05,0.00118
1.6486,1.35e-05,0.00119
1.6883,1.35e-05,0.00118
1.7259,1.35e-05,0.00119
1.7617,1.35e-05,0.00119
1.7963,1.35e-05,0.00119
1.8316,1.35e-05,0.0012
1.8665,1.35e-05,0.0012
1.9024,1.35e-05,0.0012
1.939,1.35e-05,0.00121
0,1.41e-05,0
0,1.41e-05,4e-05
0,1.41e-05,8.000000000000001e-05
0,1.41e-05,0.00012
0,1.41e-05,0.00016
0,1.41e-05,0.00019
0,1.41e-05,0.00023
0,1.41e-05,0.00027
0,1.41e-05,0.00031
0,1.41e-05,0.00035
0,1.41e-05,0.00039
0,1.41e-05,0.00043
0,1.41e-05,0.00047
0,1.41e-05,0.0005
0,1.41e-05,0.00054
0,1.41e-05,0.00058
0,1.41e-05,0.00062
0,1.41e-05,0.00066
0,1.41e-05,0.0007
0,1.41e-05,0.00074
0,1.41e-05,0.00078
0,1.41e-05,0.00082
0,1.41e-05,0.00085
0.0001,1.41e-05,0.0008899999999999999
0.001,1.41e-05,0.0009300000000000001
0.0083,1.41e-05,0.00096
0.0141,1.41e-05,0.001
0.0257,1.41e-05,0.00102
0.039,1.41e-05,0.00105
0.0543,1.41e-05,0.00107
0.0767,1.41e-05,0.00109
0.1047,1.41e-05,0.0011
0.1398,1.41e-05,0.0011
0.1744,1.41e-05,0.00111
0.212,1.41e-05,0.00111
0.2435,1.41e-05,0.00112
0.2799,1.41e-05,0.00112
0.3166,1.41e-05,0.00112
0.3514,1.41e-05,0.00112
0.3875,1.41e-05,0.00113
0.4251,1.41e-05,0.00113
0.4613,1.41e-05,0.00113
0.4965,1.41e-05,0.00113
0.5354,1.41e-05,0.00113
0.5724,1.41e-05,0.00114
0.6076,1.41e-05,0.00114
0.6415,1.41e-05,0.00114
0.6787,1.41e-05,0.00115
0.7153,1.41e-05,0.00115
0.7524,1.41e-05,0.00115
0.7885,1.41e-05,0.00115
0.8229,1.41e-05,0.00116
0.8636,1.41e-05,0.00116
0.8985,1.41e-05,0.00116
0.9383,1.41e-05,0.00116
0.9734,1.41e-05,0.00116
1.0088,1.41e-05,0.00117
1.0449,1.41e-05,0.00117
1.081,1.41e-05,0.00117
1.1197,1.41e-05,0.00117
1.1546,1.41e-05,0.00117
1.1921,1.41e-05,0.00118
1.2255,1.41e-05,0.00118
1.2675,1.41e-05,0.00118
1.2942,1.41e-05,0.00119
1.3316,1.41e-05,0.00119
1.3665,1.41e-05,0.0012
1.4013,1.41e-05,0.0012
1.4383,1.41e-05,0.0012
1.4745,1.41e-05,0.0012
1.5103,1.41e-05,0.00121
1.5463,1.41e-05,0.00121
1.5816,1.41e-05,0.00121
1.6159,1.41e-05,0.00122
1.6587,1.41e-05,0.00121
1.6948,1.41e-05,0.00122
1.7305,1.41e-05,0.00122
1.7659,1.41e-05,0.00122
1.7997,1.41e-05,0.00123
1.8355,1.41e-05,0.00123
1.8716,1.41e-05,0.00123
1.908,1.41e-05,0.00124
0,1.47e-05,0
0,1.47e-05,4e-05
0,1.47e-05,8.000000000000001e-05
0,1.47e-05,0.00012
0,1.47e-05,0.00016
0,1.47e-05,0.00019
0,1.47e-05,0.00023
0,1.47e-05,0.00027
0,1.47e-05,0.00031
0,1.47e-05,0.00035
0,1.47e-05,0.00039
0,1.47e-05,0.00043
0,1.47e-05,0.00047
0,1.47e-05,0.0005
0,1.47e-05,0.00054
0,1.47e-05,0.00058
0,1.47e-05,0.00062
0,1.47e-05,0.00066
0,1.47e-05,0.0007
0,1.47e-05,0.00074
0,1.47e-05,0.00078
0,1.47e-05,0.00082
0,1.47e-05,0.00085
0,1.47e-05,0.0008899999999999999
0.0001,1.47e-05,0.0009300000000000001
0.0029,1.47e-05,0.0009700000000000001
0.0094,1.47e-05,0.001
0.0175,1.47e-05,0.00103
0.0292,1.47e-05,0.00106
0.0412,1.47e-05,0.00108
0.0576,1.47e-05,0.00111
0.0825,1.47e-05,0.00112
0.1112,1.47e-05,0.00113
0.1452,1.47e-05,0.00114
0.1774,1.47e-05,0.00114
0.2146,1.47e-05,0.00114
0.249,1.47e-05,0.00115
0.287,1.47e-05,0.00115
0.3224,1.47e-05,0.00115
0.3588,1.47e-05,0.00116
0.3923,1.47e-05,0.00116
0.4312,1.47e-05,0.00116
0.4665,1.47e-05,0.00116
0.5054999999999999,1.47e-05,0.00116
0.5431,1.47e-05,0.00117
0.5787,1.47e-05,0.00117
0.6118,1.47e-05,0.00117
0.648,1.47e-05,0.00118
0.6850000000000001,1.47e-05,0.00118
0.7222,1.47e-05,0.00118
0.7581,1.47e-05,0.00118
0.7907,1.47e-05,0.00119
0.8293,1.47e-05,0.00119
0.869,1.47e-05,0.00119
0.9063,1.47e-05,0.00119
0.9428,1.47e-05,0.00119
0.9771,1.47e-05,0.0012
1.0144,1.47e-05,0.0012
1.0492,1.47e-05,0.0012
1.0876,1.47e-05,0.0012
1.1232,1.47e-05,0.00121
1.1607,1.47e-05,0.00121
1.1961,1.47e-05,0.00121
1.2301,1.47e-05,0.00122
1.265,1.47e-05,0.00122
1.3003,1.47e-05,0.00122
1.3366,1.47e-05,0.00123
1.3711,1.47e-05,0.00123
1.4058,1.47e-05,0.00123
1.4421,1.47e-05,0.00124
1.4812,1.47e-05,0.00124
1.5149,1.47e-05,0.00124
1.5498,1.47e-05,0.00125
1.5859,1.47e-05,0.00125
1.621,1.47e-05,0.00125
1.662,1.47e-05,0.00125
1.6988,1.47e-05,0.00125
1.7371,1.47e-05,0.00125
1.7682,1.47e-05,0.00126
1.8039,1.47e-05,0.00126
1.8415,1.47e-05,0.00126
1.877,1.47e-05,0.00127
0,1.53e-05,0
0,1.53e-05,4e-05
0,1.53e-05,8.000000000000001e-05
0,1.53e-05,0.00012
0,1.53e-05,0.00016
0,1.53e-05,0.00019
0,1.53e-05,0.00023
0,1.53e-05,0.00027
0,1.53e-05,0.00031
0,1.53e-05,0.00035
0,1.53e-05,0.00039
0,1.53e-05,0.00043
0,1.53e-05,0.00047
0,1.53e-05,0.0005
0,1.53e-05,0.00054
0,1.53e-05,0.00058
0,1.53e-05,0.00062
0,1.53e-05,0.00066
0,1.53e-05,0.0007
0,1.53e-05,0.00074
0,1.53e-05,0.00078
0,1.53e-05,0.00082
0,1.53e-05,0.00085
0.0001,1.53e-05,0.0008899999999999999
0,1.53e-05,0.0009300000000000001
0.0009,1.53e-05,0.0009700000000000001
0.0064,1.53e-05,0.001
0.0132,1.53e-05,0.00104
0.0216,1.53e-05,0.00107
0.0324,1.53e-05,0.00109
0.0444,1.53e-05,0.00112
0.0622,1.53e-05,0.00114
0.0882,1.53e-05,0.00115
0.1181,1.53e-05,0.00116
0.153,1.53e-05,0.00117
0.1859,1.53e-05,0.00117
0.2204,1.53e-05,0.00118
0.2576,1.53e-05,0.00118
0.2943,1.53e-05,0.00118
0.3279,1.53e-05,0.00119
0.3618,1.53e-05,0.00119
0.3982,1.53e-05,0.00119
0.4375,1.53e-05,0.00119
0.4764,1.53e-05,0.00119
0.5113,1.53e-05,0.0012
0.5478,1.53e-05,0.0012
0.5802,1.53e-05,0.00121
0.6157,1.53e-05,0.00121
0.655,1.53e-05,0.00121
0.6885,1.53e-05,0.00121
0.7256,1.53e-05,0.00122
0.7612,1.53e-05,0.00122
0.7953,1.53e-05,0.00122
0.8379,1.53e-05,0.00122
0.8752,1.53e-05,0.00122
0.9119,1.53e-05,0.00122
0.9441000000000001,1.53e-05,0.00123
0.9823,1.53e-05,0.00123
1.0187,1.53e-05,0.00123
1.0561,1.53e-05,0.00123
1.0931,1.53e-05,0.00124
1.1291,1.53e-05,0.00124
1.1635,1.53e-05,0.00124
1.1989,1.53e-05,0.00125
1.2275,1.53e-05,0.00126
1.2688,1.53e-05,0.00125
1.3035,1.53e-05,0.00126
1.3397,1.53e-05,0.00126
1.3761,1.53e-05,0.00126
1.4111,1.53e-05,0.00127
1.4484,1.53e-05,0.00127
1.4832,1.53e-05,0.00127
1.5176,1.53e-05,0.00128
1.5542,1.53e-05,0.00128
1.5907,1.53e-05,0.00128
1.6274,1.53e-05,0.00128
1.6671,1.53e-05,0.00128
1.7025,1.53e-05,0.00129
1.7386,1.53e-05,0.00129
1.773,1.53e-05,0.00129
1.8116,1.53e-05,0.00129
1.8454,1.53e-05,0.0013
